pixels,throughput_numpy_indexing,throughput_numpy_vectorized,throughput_numpy_cuda,throughput_cpp_seq,throughput_cpp_cuda
32768,0.4132568825,66.5574407334,18.2214373030,190.1086666667,78.6937333333
262144,0.3752658406,63.1465397098,145.9571148405,172.4833333333,490.4633333333
2097152,0.3595542767,50.5036848769,472.0742172970,151.0926666667,1642.0000000000
16777216,0.3481496465,32.4843186666,644.4426648374,145.4106666667,2127.8766666667
